w2v,CBOW,50,5,1,0,0.8034,0.8852076530456543,0.005000114440917969
w2v,CBOW,50,5,4,0,0.8036,0.6111338138580322,0.002999544143676758
w2v,CBOW,50,5,7,0,0.8062,0.7046890258789062,0.0039980411529541016
w2v,CBOW,50,10,1,0,0.8216,0.49265122413635254,0.003997087478637695
w2v,CBOW,50,10,4,0,0.8208,0.5721726417541504,0.002996206283569336
w2v,CBOW,50,10,7,0,0.82,0.628084659576416,0.004999637603759766
w2v,CBOW,50,15,1,0,0.8296,0.5708999633789062,0.003000497817993164
w2v,CBOW,50,15,4,0,0.8288,0.5358657836914062,0.002997159957885742
w2v,CBOW,50,15,7,0,0.8294,0.5046355724334717,0.0029964447021484375
w2v,CBOW,100,5,1,0,0.8226,0.958202600479126,0.005998134613037109
w2v,CBOW,100,5,4,0,0.8272,0.8478400707244873,0.00400090217590332
w2v,CBOW,100,5,7,0,0.8264,0.7621774673461914,0.003998517990112305
w2v,CBOW,100,10,1,0,0.8342,1.1092615127563477,0.003996849060058594
w2v,CBOW,100,10,4,0,0.832,0.9310023784637451,0.003999948501586914
w2v,CBOW,100,10,7,0,0.836,0.8863184452056885,0.003999233245849609
w2v,CBOW,100,15,1,0,0.841,0.8874785900115967,0.004993915557861328
w2v,CBOW,100,15,4,0,0.8434,1.018458604812622,0.00499725341796875
w2v,CBOW,100,15,7,0,0.84,0.903386116027832,0.003997087478637695
w2v,CBOW,150,5,1,0,0.834,1.2296128273010254,0.006998538970947266
w2v,CBOW,150,5,4,0,0.8326,1.952305555343628,0.0059986114501953125
w2v,CBOW,150,5,7,0,0.832,1.3771331310272217,0.0069942474365234375
w2v,CBOW,150,10,1,0,0.8386,2.8974075317382812,0.010002613067626953
w2v,CBOW,150,10,4,0,0.8418,3.2676615715026855,0.012003183364868164
w2v,CBOW,150,10,7,0,0.841,2.764244318008423,0.00900721549987793
w2v,CBOW,150,15,1,0,0.8452,3.210251569747925,0.0069997310638427734
w2v,CBOW,150,15,4,0,0.8468,2.9806082248687744,0.009004592895507812
w2v,CBOW,150,15,7,0,0.844,3.335103750228882,0.010003089904785156
w2v,CBOW,300,5,1,0,0.834,3.786402463912964,0.01500391960144043
w2v,CBOW,300,5,4,0,0.8328,3.5781569480895996,0.018000364303588867
w2v,CBOW,300,5,7,0,0.8332,4.344650745391846,0.017989635467529297
w2v,CBOW,300,10,1,0,0.8386,5.321743011474609,0.01699972152709961
w2v,CBOW,300,10,4,0,0.841,4.827918291091919,0.01399993896484375
w2v,CBOW,300,10,7,0,0.8384,5.085311651229858,0.011997461318969727
w2v,CBOW,300,15,1,0,0.844,5.100750923156738,0.010997295379638672
w2v,CBOW,300,15,4,0,0.843,5.389240026473999,0.015998363494873047
w2v,CBOW,300,15,7,0,0.8452,5.101887226104736,0.018000125885009766
w2v,CBOW,500,5,1,0,0.8306,5.2585954666137695,0.022000789642333984
w2v,CBOW,500,5,4,0,0.8342,6.6721718311309814,0.023000001907348633
w2v,CBOW,500,5,7,0,0.832,7.462478160858154,0.027996540069580078
w2v,CBOW,500,10,1,0,0.84,8.089731454849243,0.026001930236816406
w2v,CBOW,500,10,4,0,0.8368,6.946501731872559,0.025999784469604492
w2v,CBOW,500,10,7,0,0.841,7.6933441162109375,0.026995182037353516
w2v,CBOW,500,15,1,0,0.8432,8.327953338623047,0.030002117156982422
w2v,CBOW,500,15,4,0,0.8462,8.439224481582642,0.025498151779174805
w2v,CBOW,500,15,7,0,0.8456,8.316855430603027,0.027522802352905273
w2v,CBOW,50,5,1,1,0.8112,1.2869155406951904,0.006998777389526367
w2v,CBOW,50,5,4,1,0.8082,0.7480056285858154,0.0029952526092529297
w2v,CBOW,50,5,7,1,0.8104,0.5025601387023926,0.004998445510864258
w2v,CBOW,50,10,1,1,0.8272,0.6090025901794434,0.0059757232666015625
w2v,CBOW,50,10,4,1,0.8208,0.7258360385894775,0.004548788070678711
w2v,CBOW,50,10,7,1,0.8204,0.6655118465423584,0.004001617431640625
w2v,CBOW,50,15,1,1,0.8322,0.7536520957946777,0.0040013790130615234
w2v,CBOW,50,15,4,1,0.8294,0.5262284278869629,0.003998756408691406
w2v,CBOW,50,15,7,1,0.8308,0.6561007499694824,0.003998994827270508
w2v,CBOW,100,5,1,1,0.8364,1.5755820274353027,0.004999399185180664
w2v,CBOW,100,5,4,1,0.8314,1.2455708980560303,0.010996580123901367
w2v,CBOW,100,5,7,1,0.8378,1.2182345390319824,0.007521152496337891
w2v,CBOW,100,10,1,1,0.8368,1.3594169616699219,0.005996227264404297
w2v,CBOW,100,10,4,1,0.839,1.0495479106903076,0.006999969482421875
w2v,CBOW,100,10,7,1,0.8418,1.1233224868774414,0.005995750427246094
w2v,CBOW,100,15,1,1,0.8462,1.3293225765228271,0.005998373031616211
w2v,CBOW,100,15,4,1,0.8418,0.8591201305389404,0.0070264339447021484
w2v,CBOW,100,15,7,1,0.8468,1.2017364501953125,0.00699615478515625
w2v,CBOW,150,5,1,1,0.8422,2.4375157356262207,0.010997295379638672
w2v,CBOW,150,5,4,1,0.8418,3.110017776489258,0.015999555587768555
w2v,CBOW,150,5,7,1,0.8442,2.2585158348083496,0.011003494262695312
w2v,CBOW,150,10,1,1,0.8472,2.785689115524292,0.007000446319580078
w2v,CBOW,150,10,4,1,0.845,2.7462048530578613,0.0069997310638427734
w2v,CBOW,150,10,7,1,0.8462,2.7577295303344727,0.0069980621337890625
w2v,CBOW,150,15,1,1,0.8494,3.2231602668762207,0.008520364761352539
w2v,CBOW,150,15,4,1,0.847,3.0636043548583984,0.008999109268188477
w2v,CBOW,150,15,7,1,0.8486,2.819206953048706,0.011004447937011719
w2v,CBOW,300,5,1,1,0.841,4.497540473937988,0.01199960708618164
w2v,CBOW,300,5,4,1,0.8434,3.871654748916626,0.013997793197631836
w2v,CBOW,300,5,7,1,0.8418,3.5475692749023438,0.01600050926208496
w2v,CBOW,300,10,1,1,0.8474,4.765188455581665,0.013003110885620117
w2v,CBOW,300,10,4,1,0.8492,4.979993104934692,0.013004064559936523
w2v,CBOW,300,10,7,1,0.8464,4.214277982711792,0.015002727508544922
w2v,CBOW,300,15,1,1,0.8494,5.079509496688843,0.012992382049560547
w2v,CBOW,300,15,4,1,0.849,4.690784931182861,0.01300048828125
w2v,CBOW,300,15,7,1,0.8492,4.632066249847412,0.013997554779052734
w2v,CBOW,500,5,1,1,0.8404,7.147510766983032,0.026003122329711914
w2v,CBOW,500,5,4,1,0.843,5.240067958831787,0.01999807357788086
w2v,CBOW,500,5,7,1,0.8416,4.860008001327515,0.025007247924804688
w2v,CBOW,500,10,1,1,0.8448,6.667558908462524,0.02100372314453125
w2v,CBOW,500,10,4,1,0.8494,6.060102224349976,0.025019407272338867
w2v,CBOW,500,10,7,1,0.8438,6.84997034072876,0.01801466941833496
w2v,CBOW,500,15,1,1,0.8498,8.146803379058838,0.02100205421447754
w2v,CBOW,500,15,4,1,0.8516,7.81607460975647,0.023000001907348633
w2v,CBOW,500,15,7,1,0.8494,7.7644689083099365,0.0275266170501709
w2v,SKIP_GRAM,50,5,1,0,0.8416,0.30701518058776855,0.005001544952392578
w2v,SKIP_GRAM,50,5,4,0,0.8376,0.27405238151550293,0.008516073226928711
w2v,SKIP_GRAM,50,5,7,0,0.842,0.37807297706604004,0.002996206283569336
w2v,SKIP_GRAM,50,10,1,0,0.8574,0.23361778259277344,0.0040035247802734375
w2v,SKIP_GRAM,50,10,4,0,0.8514,0.5742752552032471,0.004996538162231445
w2v,SKIP_GRAM,50,10,7,0,0.856,0.5018806457519531,0.003997802734375
w2v,SKIP_GRAM,50,15,1,0,0.8616,0.6511871814727783,0.0060062408447265625
w2v,SKIP_GRAM,50,15,4,0,0.8606,0.4590601921081543,0.003996610641479492
w2v,SKIP_GRAM,50,15,7,0,0.8596,0.36589813232421875,0.0039997100830078125
w2v,SKIP_GRAM,100,5,1,0,0.8514,0.4011499881744385,0.005998134613037109
w2v,SKIP_GRAM,100,5,4,0,0.8512,0.5407333374023438,0.008004188537597656
w2v,SKIP_GRAM,100,5,7,0,0.8538,0.8521006107330322,0.005002021789550781
w2v,SKIP_GRAM,100,10,1,0,0.8634,0.5467736721038818,0.009998321533203125
w2v,SKIP_GRAM,100,10,4,0,0.864,0.5511767864227295,0.003997325897216797
w2v,SKIP_GRAM,100,10,7,0,0.8636,0.5242302417755127,0.003997087478637695
w2v,SKIP_GRAM,100,15,1,0,0.8666,0.5295333862304688,0.0029990673065185547
w2v,SKIP_GRAM,100,15,4,0,0.867,0.41886377334594727,0.003995418548583984
w2v,SKIP_GRAM,100,15,7,0,0.8624,0.40053296089172363,0.003998279571533203
w2v,SKIP_GRAM,150,5,1,0,0.8562,0.31400132179260254,0.005002260208129883
w2v,SKIP_GRAM,150,5,4,0,0.857,0.2669682502746582,0.003999471664428711
w2v,SKIP_GRAM,150,5,7,0,0.8568,0.6374399662017822,0.004996299743652344
w2v,SKIP_GRAM,150,10,1,0,0.864,0.3424348831176758,0.0055043697357177734
w2v,SKIP_GRAM,150,10,4,0,0.8644,0.4800148010253906,0.004993915557861328
w2v,SKIP_GRAM,150,10,7,0,0.8626,0.4942338466644287,0.004994630813598633
w2v,SKIP_GRAM,150,15,1,0,0.8688,0.4965248107910156,0.004995822906494141
w2v,SKIP_GRAM,150,15,4,0,0.868,0.4790375232696533,0.004998922348022461
w2v,SKIP_GRAM,150,15,7,0,0.8694,0.3710010051727295,0.004998207092285156
w2v,SKIP_GRAM,300,5,1,0,0.856,0.9481236934661865,0.008001327514648438
w2v,SKIP_GRAM,300,5,4,0,0.8592,0.35591697692871094,0.007700204849243164
w2v,SKIP_GRAM,300,5,7,0,0.8622,0.7850034236907959,0.007997512817382812
w2v,SKIP_GRAM,300,10,1,0,0.8682,0.4195897579193115,0.007998466491699219
w2v,SKIP_GRAM,300,10,4,0,0.8664,1.0009167194366455,0.00800013542175293
w2v,SKIP_GRAM,300,10,7,0,0.8686,0.7575955390930176,0.006998777389526367
w2v,SKIP_GRAM,300,15,1,0,0.8698,1.2638664245605469,0.017999887466430664
w2v,SKIP_GRAM,300,15,4,0,0.8712,1.442563533782959,0.01099848747253418
w2v,SKIP_GRAM,300,15,7,0,0.8678,1.1109633445739746,0.012001276016235352
w2v,SKIP_GRAM,500,5,1,0,0.8592,1.0908451080322266,0.015003681182861328
w2v,SKIP_GRAM,500,5,4,0,0.8582,1.2803044319152832,0.013996601104736328
w2v,SKIP_GRAM,500,5,7,0,0.8578,1.901341199874878,0.014999151229858398
w2v,SKIP_GRAM,500,10,1,0,0.8708,0.9512321949005127,0.015999317169189453
w2v,SKIP_GRAM,500,10,4,0,0.8676,1.5057010650634766,0.01600337028503418
w2v,SKIP_GRAM,500,10,7,0,0.8688,1.011969804763794,0.016994237899780273
w2v,SKIP_GRAM,500,15,1,0,0.8688,1.5020766258239746,0.017998218536376953
w2v,SKIP_GRAM,500,15,4,0,0.8732,1.4163305759429932,0.013999223709106445
w2v,SKIP_GRAM,500,15,7,0,0.87,2.41524076461792,0.017012596130371094
w2v,SKIP_GRAM,50,5,1,1,0.8384,0.3280200958251953,0.0049991607666015625
w2v,SKIP_GRAM,50,5,4,1,0.8404,0.22704195976257324,0.003996372222900391
w2v,SKIP_GRAM,50,5,7,1,0.8372,0.21459746360778809,0.0040035247802734375
w2v,SKIP_GRAM,50,10,1,1,0.8506,0.219041109085083,0.004000663757324219
w2v,SKIP_GRAM,50,10,4,1,0.8544,0.43675684928894043,0.003995180130004883
w2v,SKIP_GRAM,50,10,7,1,0.8518,0.4287288188934326,0.0029952526092529297
w2v,SKIP_GRAM,50,15,1,1,0.86,0.6830837726593018,0.003997802734375
w2v,SKIP_GRAM,50,15,4,1,0.8578,0.5484409332275391,0.006999969482421875
w2v,SKIP_GRAM,50,15,7,1,0.859,0.43126916885375977,0.0029985904693603516
w2v,SKIP_GRAM,100,5,1,1,0.8504,0.47013378143310547,0.0069997310638427734
w2v,SKIP_GRAM,100,5,4,1,0.851,0.3872103691101074,0.0049970149993896484
w2v,SKIP_GRAM,100,5,7,1,0.8514,0.27951574325561523,0.005998849868774414
w2v,SKIP_GRAM,100,10,1,1,0.858,0.25319743156433105,0.004994392395019531
w2v,SKIP_GRAM,100,10,4,1,0.8584,0.349506139755249,0.003998994827270508
w2v,SKIP_GRAM,100,10,7,1,0.8626,0.3267834186553955,0.003993988037109375
w2v,SKIP_GRAM,100,15,1,1,0.864,0.43664097785949707,0.003996849060058594
w2v,SKIP_GRAM,100,15,4,1,0.8662,0.36548542976379395,0.003994941711425781
w2v,SKIP_GRAM,100,15,7,1,0.8652,0.35107994079589844,0.004999399185180664
w2v,SKIP_GRAM,150,5,1,1,0.8536,0.5560958385467529,0.012998342514038086
w2v,SKIP_GRAM,150,5,4,1,0.8542,0.66721510887146,0.007001161575317383
w2v,SKIP_GRAM,150,5,7,1,0.8552,1.2309651374816895,0.006997585296630859
w2v,SKIP_GRAM,150,10,1,1,0.8624,0.4668734073638916,0.008996963500976562
w2v,SKIP_GRAM,150,10,4,1,0.8636,0.9312610626220703,0.0075109004974365234
w2v,SKIP_GRAM,150,10,7,1,0.8608,0.9152305126190186,0.005995988845825195
w2v,SKIP_GRAM,150,15,1,1,0.8656,0.8976547718048096,0.011997461318969727
w2v,SKIP_GRAM,150,15,4,1,0.8682,0.7326786518096924,0.005997896194458008
w2v,SKIP_GRAM,150,15,7,1,0.867,0.46050238609313965,0.0059967041015625
w2v,SKIP_GRAM,300,5,1,1,0.8588,0.9073126316070557,0.01251983642578125
w2v,SKIP_GRAM,300,5,4,1,0.8594,0.5220942497253418,0.010998964309692383
w2v,SKIP_GRAM,300,5,7,1,0.8596,1.2060799598693848,0.009999275207519531
w2v,SKIP_GRAM,300,10,1,1,0.8696,0.8900003433227539,0.011999130249023438
w2v,SKIP_GRAM,300,10,4,1,0.8664,1.5161182880401611,0.010998725891113281
w2v,SKIP_GRAM,300,10,7,1,0.8656,1.1971676349639893,0.009998559951782227
w2v,SKIP_GRAM,300,15,1,1,0.869,1.1848585605621338,0.015501260757446289
w2v,SKIP_GRAM,300,15,4,1,0.87,0.9087038040161133,0.010996341705322266
w2v,SKIP_GRAM,300,15,7,1,0.8692,0.6540985107421875,0.00999593734741211
w2v,SKIP_GRAM,500,5,1,1,0.8596,1.8038794994354248,0.015519380569458008
w2v,SKIP_GRAM,500,5,4,1,0.8606,0.9601967334747314,0.014512777328491211
w2v,SKIP_GRAM,500,5,7,1,0.8624,2.2111785411834717,0.014508247375488281
w2v,SKIP_GRAM,500,10,1,1,0.8666,0.8967435359954834,0.013998985290527344
w2v,SKIP_GRAM,500,10,4,1,0.8668,1.8340072631835938,0.017003297805786133
w2v,SKIP_GRAM,500,10,7,1,0.8658,1.4776859283447266,0.017002105712890625
w2v,SKIP_GRAM,500,15,1,1,0.8686,1.7687938213348389,0.014998674392700195
w2v,SKIP_GRAM,500,15,4,1,0.8688,0.8273060321807861,0.024001598358154297
w2v,SKIP_GRAM,500,15,7,1,0.8692,1.0917792320251465,0.014513015747070312
-=-=-=-=-=-=-=-=-=-=-=-=-=-=-=-=-=-=-=-
w2v,CBOW,50,30,1,0,0.8464,0.3170316219329834,0.0030012130737304688
w2v,CBOW,50,30,4,0,0.8434,0.3349752426147461,0.0019981861114501953
w2v,CBOW,50,30,7,0,0.8422,0.3503756523132324,0.0029692649841308594
w2v,CBOW,50,50,1,0,0.8472,0.4019203186035156,0.003004312515258789
w2v,CBOW,50,50,4,0,0.848,0.39018774032592773,0.0049970149993896484
w2v,CBOW,50,50,7,0,0.8504,0.3916196823120117,0.0029997825622558594
w2v,CBOW,50,100,1,0,0.8572,0.34209609031677246,0.0030019283294677734
w2v,CBOW,50,100,4,0,0.857,0.34860658645629883,0.0029964447021484375
w2v,CBOW,50,100,7,0,0.8546,0.4041163921356201,0.004003763198852539
w2v,CBOW,50,150,1,0,0.8568,0.4173455238342285,0.003993511199951172
w2v,CBOW,50,150,4,0,0.855,0.48807597160339355,0.003996372222900391
w2v,CBOW,50,150,7,0,0.8596,0.4785642623901367,0.004996299743652344
w2v,CBOW,100,30,1,0,0.8472,1.8600447177886963,0.00699925422668457
w2v,CBOW,100,30,4,0,0.8466,1.9649744033813477,0.009519338607788086
w2v,CBOW,100,30,7,0,0.8464,1.6998929977416992,0.006525278091430664
w2v,CBOW,100,50,1,0,0.8482,1.9059603214263916,0.006998777389526367
w2v,CBOW,100,50,4,0,0.855,1.7087185382843018,0.006999969482421875
w2v,CBOW,100,50,7,0,0.8554,2.0137667655944824,0.006997346878051758
w2v,CBOW,100,100,1,0,0.8572,2.4956374168395996,0.005998849868774414
w2v,CBOW,100,100,4,0,0.8564,1.7190132141113281,0.006005048751831055
w2v,CBOW,100,100,7,0,0.8582,1.6178436279296875,0.005997419357299805
w2v,CBOW,100,150,1,0,0.86,2.003187417984009,0.007001399993896484
w2v,CBOW,100,150,4,0,0.8596,1.8241870403289795,0.007999658584594727
w2v,CBOW,100,150,7,0,0.862,1.7254149913787842,0.006001710891723633
w2v,CBOW,150,30,1,0,0.8512,3.4672751426696777,0.006997108459472656
w2v,CBOW,150,30,4,0,0.8506,3.1186678409576416,0.011001348495483398
w2v,CBOW,150,30,7,0,0.848,3.439697265625,0.007514238357543945
w2v,CBOW,150,50,1,0,0.852,4.22394061088562,0.013002395629882812
w2v,CBOW,150,50,4,0,0.854,3.187516927719116,0.010998725891113281
w2v,CBOW,150,50,7,0,0.8536,3.3763587474823,0.007997989654541016
w2v,CBOW,150,100,1,0,0.8578,2.9467408657073975,0.011522769927978516
w2v,CBOW,150,100,4,0,0.8602,2.9611191749572754,0.00799703598022461
w2v,CBOW,150,100,7,0,0.8636,2.9404187202453613,0.008003711700439453
w2v,CBOW,150,150,1,0,0.862,2.7134249210357666,0.008510828018188477
w2v,CBOW,150,150,4,0,0.8624,3.042790174484253,0.011001348495483398
w2v,CBOW,150,150,7,0,0.867,2.688495635986328,0.009000301361083984
w2v,CBOW,300,30,1,0,0.8512,4.896928071975708,0.012994527816772461
w2v,CBOW,300,30,4,0,0.8518,4.7641215324401855,0.022031784057617188
w2v,CBOW,300,30,7,0,0.8464,4.802486181259155,0.014518976211547852
w2v,CBOW,300,50,1,0,0.8536,5.721264839172363,0.01499795913696289
w2v,CBOW,300,50,4,0,0.856,5.071768283843994,0.011999130249023438
w2v,CBOW,300,50,7,0,0.8558,4.965620756149292,0.01600050926208496
w2v,CBOW,300,100,1,0,0.859,4.72650933265686,0.0185391902923584
w2v,CBOW,300,100,4,0,0.8578,4.789806604385376,0.013001680374145508
w2v,CBOW,300,100,7,0,0.8594,4.150386571884155,0.014003992080688477
w2v,CBOW,300,150,1,0,0.8606,5.370262622833252,0.016001224517822266
w2v,CBOW,300,150,4,0,0.8602,4.168247222900391,0.013001441955566406
w2v,CBOW,300,150,7,0,0.8624,3.928784132003784,0.01598501205444336
w2v,CBOW,500,30,1,0,0.852,8.16304063796997,0.025038719177246094
w2v,CBOW,500,30,4,0,0.8492,7.010468482971191,0.02199864387512207
w2v,CBOW,500,30,7,0,0.851,7.14296555519104,0.02400064468383789
w2v,CBOW,500,50,1,0,0.8536,7.4594645500183105,0.024003982543945312
w2v,CBOW,500,50,4,0,0.8572,6.662996768951416,0.02351546287536621
w2v,CBOW,500,50,7,0,0.8554,6.363059997558594,0.020994186401367188
w2v,CBOW,500,100,1,0,0.858,7.840133190155029,0.01899862289428711
w2v,CBOW,500,100,4,0,0.859,5.4098060131073,0.01900029182434082
w2v,CBOW,500,100,7,0,0.8588,5.5607147216796875,0.017998933792114258
w2v,CBOW,500,150,1,0,0.86,6.334711790084839,0.029997587203979492
w2v,CBOW,500,150,4,0,0.8596,5.206011772155762,0.03252220153808594
w2v,CBOW,500,150,7,0,0.8624,5.831089735031128,0.023000717163085938
w2v,CBOW,50,30,1,1,0.8436,0.762814998626709,0.004998683929443359
w2v,CBOW,50,30,4,1,0.8432,0.576162576675415,0.0039997100830078125
w2v,CBOW,50,30,7,1,0.8454,0.6811749935150146,0.007011890411376953
w2v,CBOW,50,50,1,1,0.8476,0.570763111114502,0.00499725341796875
w2v,CBOW,50,50,4,1,0.8518,0.44210076332092285,0.004001617431640625
w2v,CBOW,50,50,7,1,0.8494,0.5795445442199707,0.004528045654296875
w2v,CBOW,50,100,1,1,0.854,0.5108256340026855,0.005995273590087891
w2v,CBOW,50,100,4,1,0.8598,0.7118046283721924,0.006520271301269531
w2v,CBOW,50,100,7,1,0.8556,0.39862966537475586,0.0030002593994140625
w2v,CBOW,50,150,1,1,0.8552,0.3766639232635498,0.004006147384643555
w2v,CBOW,50,150,4,1,0.8574,0.4294168949127197,0.003998517990112305
w2v,CBOW,50,150,7,1,0.8582,0.48772692680358887,0.003999471664428711
w2v,CBOW,100,30,1,1,0.8552,1.2998034954071045,0.007543325424194336
w2v,CBOW,100,30,4,1,0.8532,1.2544362545013428,0.008524417877197266
w2v,CBOW,100,30,7,1,0.8552,1.4199810028076172,0.011996269226074219
w2v,CBOW,100,50,1,1,0.8564,1.5321052074432373,0.006997823715209961
w2v,CBOW,100,50,4,1,0.857,1.5238738059997559,0.006998777389526367
w2v,CBOW,100,50,7,1,0.856,1.2777924537658691,0.006997108459472656
w2v,CBOW,100,100,1,1,0.865,1.4523720741271973,0.006000041961669922
w2v,CBOW,100,100,4,1,0.8656,1.1670281887054443,0.008001327514648438
w2v,CBOW,100,100,7,1,0.8646,1.1562695503234863,0.006998777389526367
w2v,CBOW,100,150,1,1,0.868,1.340888500213623,0.00699925422668457
w2v,CBOW,100,150,4,1,0.866,1.1261577606201172,0.005997896194458008
w2v,CBOW,100,150,7,1,0.867,1.2753772735595703,0.005999565124511719
w2v,CBOW,150,30,1,1,0.8558,3.2210114002227783,0.008516073226928711
w2v,CBOW,150,30,4,1,0.8598,3.0348966121673584,0.009000778198242188
w2v,CBOW,150,30,7,1,0.8566,3.002074718475342,0.00900125503540039
w2v,CBOW,150,50,1,1,0.861,3.6349470615386963,0.007999897003173828
w2v,CBOW,150,50,4,1,0.863,2.2331960201263428,0.009643793106079102
w2v,CBOW,150,50,7,1,0.8618,3.0043063163757324,0.007001399993896484
w2v,CBOW,150,100,1,1,0.866,3.164276599884033,0.008000612258911133
w2v,CBOW,150,100,4,1,0.8678,2.8604350090026855,0.011997461318969727
w2v,CBOW,150,100,7,1,0.8676,2.318682909011841,0.00900125503540039
w2v,CBOW,150,150,1,1,0.8698,2.7117013931274414,0.007994890213012695
w2v,CBOW,150,150,4,1,0.8678,2.0606980323791504,0.005997657775878906
w2v,CBOW,150,150,7,1,0.8686,2.6211726665496826,0.008521318435668945
w2v,CBOW,300,30,1,1,0.8586,6.192664384841919,0.010995864868164062
w2v,CBOW,300,30,4,1,0.8588,4.446472883224487,0.015998363494873047
w2v,CBOW,300,30,7,1,0.8576,5.206363916397095,0.01399850845336914
w2v,CBOW,300,50,1,1,0.8622,6.037161827087402,0.01599597930908203
w2v,CBOW,300,50,4,1,0.8652,5.010934591293335,0.014998197555541992
w2v,CBOW,300,50,7,1,0.8642,4.442818641662598,0.019002676010131836
w2v,CBOW,300,100,1,1,0.864,4.093724012374878,0.01200246810913086
w2v,CBOW,300,100,4,1,0.8666,4.025338888168335,0.015999555587768555
w2v,CBOW,300,100,7,1,0.8652,3.576490640640259,0.01352071762084961
w2v,CBOW,300,150,1,1,0.8658,3.951759099960327,0.01200723648071289
w2v,CBOW,300,150,4,1,0.8686,3.3297278881073,0.015002012252807617
w2v,CBOW,300,150,7,1,0.8708,3.2550208568573,0.011999845504760742
w2v,CBOW,500,30,1,1,0.8568,5.912223815917969,0.019999980926513672
w2v,CBOW,500,30,4,1,0.8572,5.575721979141235,0.01999044418334961
w2v,CBOW,500,30,7,1,0.858,4.847906589508057,0.015999794006347656
w2v,CBOW,500,50,1,1,0.8628,6.166296482086182,0.020998477935791016
w2v,CBOW,500,50,4,1,0.859,5.595280408859253,0.018000125885009766
w2v,CBOW,500,50,7,1,0.8636,5.627082824707031,0.016517162322998047
w2v,CBOW,500,100,1,1,0.866,5.772913694381714,0.0209963321685791
w2v,CBOW,500,100,4,1,0.866,4.800723075866699,0.0169980525970459
w2v,CBOW,500,100,7,1,0.8656,5.2116663455963135,0.02000141143798828
w2v,CBOW,500,150,1,1,0.8674,5.675652742385864,0.022001981735229492
w2v,CBOW,500,150,4,1,0.8702,4.574970722198486,0.023514509201049805
w2v,CBOW,500,150,7,1,0.8714,4.290094614028931,0.01999974250793457
w2v,SKIP_GRAM,50,30,1,0,0.8614,0.2925734519958496,0.005002737045288086
w2v,SKIP_GRAM,50,30,4,0,0.8612,0.24208402633666992,0.003999471664428711
w2v,SKIP_GRAM,50,30,7,0,0.8622,0.261059045791626,0.0070002079010009766
w2v,SKIP_GRAM,50,50,1,0,0.8598,0.42671942710876465,0.00499725341796875
w2v,SKIP_GRAM,50,50,4,0,0.861,0.27606821060180664,0.003999233245849609
w2v,SKIP_GRAM,50,50,7,0,0.859,0.413712739944458,0.003996610641479492
w2v,SKIP_GRAM,50,100,1,0,0.8542,0.3058507442474365,0.003991127014160156
w2v,SKIP_GRAM,50,100,4,0,0.8412,0.4120972156524658,0.004998683929443359
w2v,SKIP_GRAM,50,100,7,0,0.8472,0.40392160415649414,0.003998517990112305
w2v,SKIP_GRAM,50,150,1,0,0.8464,0.12696599960327148,0.004030942916870117
w2v,SKIP_GRAM,50,150,4,0,0.8288,0.2958691120147705,0.004999637603759766
w2v,SKIP_GRAM,50,150,7,0,0.8402,0.29817676544189453,0.002994537353515625
w2v,SKIP_GRAM,100,30,1,0,0.868,0.33637022972106934,0.003998994827270508
w2v,SKIP_GRAM,100,30,4,0,0.871,0.29186010360717773,0.0039975643157958984
w2v,SKIP_GRAM,100,30,7,0,0.8684,0.4100027084350586,0.004995584487915039
w2v,SKIP_GRAM,100,50,1,0,0.8648,0.23866510391235352,0.003999233245849609
w2v,SKIP_GRAM,100,50,4,0,0.8646,0.2310500144958496,0.005029201507568359
w2v,SKIP_GRAM,100,50,7,0,0.8678,0.3250246047973633,0.003996372222900391
w2v,SKIP_GRAM,100,100,1,0,0.859,0.26000142097473145,0.004996776580810547
w2v,SKIP_GRAM,100,100,4,0,0.859,0.3422884941101074,0.004997968673706055
w2v,SKIP_GRAM,100,100,7,0,0.859,0.26154661178588867,0.003949642181396484
w2v,SKIP_GRAM,100,150,1,0,0.8568,0.18896865844726562,0.003997087478637695
w2v,SKIP_GRAM,100,150,4,0,0.8596,0.24396705627441406,0.0029981136322021484
w2v,SKIP_GRAM,100,150,7,0,0.8544,0.1730060577392578,0.004027128219604492
w2v,SKIP_GRAM,150,30,1,0,0.8748,0.2834153175354004,0.0049991607666015625
w2v,SKIP_GRAM,150,30,4,0,0.867,0.49436354637145996,0.004998445510864258
w2v,SKIP_GRAM,150,30,7,0,0.8698,0.4399716854095459,0.005994081497192383
w2v,SKIP_GRAM,150,50,1,0,0.8738,0.4250037670135498,0.004995822906494141
w2v,SKIP_GRAM,150,50,4,0,0.8698,0.4914438724517822,0.004999876022338867
w2v,SKIP_GRAM,150,50,7,0,0.8664,0.4230616092681885,0.005997180938720703
w2v,SKIP_GRAM,150,100,1,0,0.8698,0.18896698951721191,0.00500035285949707
w2v,SKIP_GRAM,150,100,4,0,0.8658,0.3725240230560303,0.004997730255126953
w2v,SKIP_GRAM,150,100,7,0,0.8664,0.4520895481109619,0.004996299743652344
w2v,SKIP_GRAM,150,150,1,0,0.8648,0.4455137252807617,0.004997968673706055
w2v,SKIP_GRAM,150,150,4,0,0.8592,0.4684791564941406,0.0059967041015625
w2v,SKIP_GRAM,150,150,7,0,0.8624,0.4120028018951416,0.004997730255126953
w2v,SKIP_GRAM,300,30,1,0,0.8744,0.42249011993408203,0.008996009826660156
w2v,SKIP_GRAM,300,30,4,0,0.8722,1.0362746715545654,0.007997989654541016
w2v,SKIP_GRAM,300,30,7,0,0.8724,0.7875173091888428,0.009999513626098633
w2v,SKIP_GRAM,300,50,1,0,0.8782,0.7790822982788086,0.008998632431030273
w2v,SKIP_GRAM,300,50,4,0,0.8742,0.9169776439666748,0.008948087692260742
w2v,SKIP_GRAM,300,50,7,0,0.8742,0.6829690933227539,0.007996559143066406
w2v,SKIP_GRAM,300,100,1,0,0.874,0.3620033264160156,0.008994817733764648
w2v,SKIP_GRAM,300,100,4,0,0.873,0.2974865436553955,0.008998394012451172
w2v,SKIP_GRAM,300,100,7,0,0.8722,0.8629457950592041,0.007998943328857422
w2v,SKIP_GRAM,300,150,1,0,0.8696,0.28600192070007324,0.007997751235961914
w2v,SKIP_GRAM,300,150,4,0,0.8708,0.5079669952392578,0.008000850677490234
w2v,SKIP_GRAM,300,150,7,0,0.8684,0.642064094543457,0.009996891021728516
w2v,SKIP_GRAM,500,30,1,0,0.8754,1.2087795734405518,0.012997865676879883
w2v,SKIP_GRAM,500,30,4,0,0.8764,0.8916637897491455,0.012998580932617188
w2v,SKIP_GRAM,500,30,7,0,0.875,1.1459870338439941,0.013998985290527344
w2v,SKIP_GRAM,500,50,1,0,0.8774,1.355945110321045,0.012997627258300781
w2v,SKIP_GRAM,500,50,4,0,0.8766,0.8820304870605469,0.012999296188354492
w2v,SKIP_GRAM,500,50,7,0,0.877,0.9623477458953857,0.01651144027709961
w2v,SKIP_GRAM,500,100,1,0,0.875,1.2220253944396973,0.013999462127685547
w2v,SKIP_GRAM,500,100,4,0,0.8742,1.319636344909668,0.015999317169189453
w2v,SKIP_GRAM,500,100,7,0,0.8744,1.220001459121704,0.012997627258300781
w2v,SKIP_GRAM,500,150,1,0,0.8726,0.9624853134155273,0.012998342514038086
w2v,SKIP_GRAM,500,150,4,0,0.871,1.4031200408935547,0.012997865676879883
w2v,SKIP_GRAM,500,150,7,0,0.8732,1.075049877166748,0.01499629020690918
w2v,SKIP_GRAM,50,30,1,1,0.8632,0.14051270484924316,0.0030434131622314453
w2v,SKIP_GRAM,50,30,4,1,0.8578,0.11429071426391602,0.0030312538146972656
w2v,SKIP_GRAM,50,30,7,1,0.8584,0.19296574592590332,0.003002166748046875
w2v,SKIP_GRAM,50,50,1,1,0.858,0.23000216484069824,0.0030317306518554688
w2v,SKIP_GRAM,50,50,4,1,0.8534,0.21300148963928223,0.00299835205078125
w2v,SKIP_GRAM,50,50,7,1,0.8518,0.20659232139587402,0.002999544143676758
w2v,SKIP_GRAM,50,100,1,1,0.8468,0.2561922073364258,0.0029985904693603516
w2v,SKIP_GRAM,50,100,4,1,0.8418,0.2140822410583496,0.0030128955841064453
w2v,SKIP_GRAM,50,100,7,1,0.8334,0.12796807289123535,0.003034830093383789
w2v,SKIP_GRAM,50,150,1,1,0.835,0.2460341453552246,0.003966093063354492
w2v,SKIP_GRAM,50,150,4,1,0.8258,0.16997003555297852,0.00299835205078125
w2v,SKIP_GRAM,50,150,7,1,0.8284,0.17800307273864746,0.003030061721801758
w2v,SKIP_GRAM,100,30,1,1,0.8646,0.34938812255859375,0.003918647766113281
w2v,SKIP_GRAM,100,30,4,1,0.867,0.2685229778289795,0.003997325897216797
w2v,SKIP_GRAM,100,30,7,1,0.863,0.3685495853424072,0.0039958953857421875
w2v,SKIP_GRAM,100,50,1,1,0.8674,0.3389725685119629,0.003993511199951172
w2v,SKIP_GRAM,100,50,4,1,0.8628,0.27761220932006836,0.003998279571533203
w2v,SKIP_GRAM,100,50,7,1,0.8606,0.3110663890838623,0.003993988037109375
w2v,SKIP_GRAM,100,100,1,1,0.8576,0.3525431156158447,0.003998517990112305
w2v,SKIP_GRAM,100,100,4,1,0.8586,0.43601298332214355,0.007998228073120117
w2v,SKIP_GRAM,100,100,7,1,0.8564,0.4626936912536621,0.00999903678894043
w2v,SKIP_GRAM,100,150,1,1,0.8492,0.24203109741210938,0.009004354476928711
w2v,SKIP_GRAM,100,150,4,1,0.8468,0.33296847343444824,0.003997325897216797
w2v,SKIP_GRAM,100,150,7,1,0.8476,0.31096911430358887,0.003995418548583984
w2v,SKIP_GRAM,150,30,1,1,0.8678,0.5050027370452881,0.005144596099853516
w2v,SKIP_GRAM,150,30,4,1,0.8676,0.18000221252441406,0.0049991607666015625
w2v,SKIP_GRAM,150,30,7,1,0.8666,0.1830000877380371,0.004999399185180664
w2v,SKIP_GRAM,150,50,1,1,0.864,0.5318708419799805,0.004998922348022461
w2v,SKIP_GRAM,150,50,4,1,0.8638,0.5689690113067627,0.004999399185180664
w2v,SKIP_GRAM,150,50,7,1,0.8612,0.31978678703308105,0.005995988845825195
w2v,SKIP_GRAM,150,100,1,1,0.8624,0.4089994430541992,0.0049991607666015625
w2v,SKIP_GRAM,150,100,4,1,0.8576,0.5399999618530273,0.004997968673706055
w2v,SKIP_GRAM,150,100,7,1,0.8606,0.6116385459899902,0.005997419357299805
w2v,SKIP_GRAM,150,150,1,1,0.8624,0.13849496841430664,0.004997968673706055
w2v,SKIP_GRAM,150,150,4,1,0.8562,0.34957456588745117,0.004995584487915039
w2v,SKIP_GRAM,150,150,7,1,0.8566,0.4010007381439209,0.004998445510864258
w2v,SKIP_GRAM,300,30,1,1,0.8716,1.0994789600372314,0.00900411605834961
w2v,SKIP_GRAM,300,30,4,1,0.8714,0.9779605865478516,0.009002923965454102
w2v,SKIP_GRAM,300,30,7,1,0.8696,0.8079986572265625,0.011999368667602539
w2v,SKIP_GRAM,300,50,1,1,0.8698,2.2854864597320557,0.013513326644897461
w2v,SKIP_GRAM,300,50,4,1,0.8668,1.9859952926635742,0.013998270034790039
w2v,SKIP_GRAM,300,50,7,1,0.8662,0.7025938034057617,0.009996414184570312
w2v,SKIP_GRAM,300,100,1,1,0.8688,1.0698535442352295,0.011001825332641602
w2v,SKIP_GRAM,300,100,4,1,0.8666,0.7286534309387207,0.009998559951782227
w2v,SKIP_GRAM,300,100,7,1,0.867,0.8836948871612549,0.010998010635375977
w2v,SKIP_GRAM,300,150,1,1,0.8672,0.4679410457611084,0.009005308151245117
w2v,SKIP_GRAM,300,150,4,1,0.862,1.036999225616455,0.008998632431030273
w2v,SKIP_GRAM,300,150,7,1,0.8628,1.1992058753967285,0.016998291015625
w2v,SKIP_GRAM,500,30,1,1,0.8718,2.7271411418914795,0.021998167037963867
w2v,SKIP_GRAM,500,30,4,1,0.87,2.3282675743103027,0.01899886131286621
w2v,SKIP_GRAM,500,30,7,1,0.873,1.5055325031280518,0.015000343322753906
w2v,SKIP_GRAM,500,50,1,1,0.8716,1.6949009895324707,0.018999814987182617
w2v,SKIP_GRAM,500,50,4,1,0.87,1.7320599555969238,0.017000198364257812
w2v,SKIP_GRAM,500,50,7,1,0.8678,1.7483091354370117,0.016004562377929688
w2v,SKIP_GRAM,500,100,1,1,0.871,1.9174022674560547,0.01899552345275879
w2v,SKIP_GRAM,500,100,4,1,0.8672,1.377007007598877,0.012998104095458984
w2v,SKIP_GRAM,500,100,7,1,0.8704,1.084019660949707,0.013004779815673828
w2v,SKIP_GRAM,500,150,1,1,0.8702,1.2145237922668457,0.012997865676879883
w2v,SKIP_GRAM,500,150,4,1,0.8702,0.9803628921508789,0.01399850845336914
w2v,SKIP_GRAM,500,150,7,1,0.8668,1.0662691593170166,0.017998218536376953
w2v,SKIP_GRAM,50,300,1,0,0.8814,35.821064710617065,6.245288610458374
w2v,SKIP_GRAM,50,500,1,0,0.8832,47.89220404624939,8.333976030349731
w2v,SKIP_GRAM,50,500,7,0,0.8836,47.70213437080383,8.41353964805603
w2v,SKIP_GRAM,50,500,4,0,0.8802,47.42686319351196,8.285564184188843
w2v,SKIP_GRAM,30,500,4,0,0.8816,48.17486596107483,8.401424884796143
